cdscode,freq1516
1611276090146,72
1611276095376,68
1611276116222,78
1611436090187,52
1611436090195,47
1611436090211,44
1611436090252,52
1611436090286,50
1611436090302,40
1611436090310,30
1611436090328,54
1611436097729,42
1611436105316,12
1611506090351,85
1611506090369,58
1611506090393,80
1611506090401,41
1611506090419,19
1611506090435,88
1611506090468,56
1611506090484,61
1611506113005,62
1611920111815,37
1611926000889,22
1611926000905,28
1611926000913,119
1611926000921,28
1611926000947,53
1611926000962,43
1611926000988,39
1611926000996,14
1611926001044,38
1611926001051,46
1611926001093,73
1611926001101,29
1611926001127,19
1611926001135,70
1611926001176,85
1611926001192,76
1611926062160,53
1611926090583,70
1611926104566,39
1612006001234,37
1612006001259,72
1612006001283,51
1612006001291,44
1612006001317,49
1612006071906,52
1612006089338,77
1612006097661,58
1612006110332,40
1612006117543,52
1612346001440,20
1612346001457,29
1612346001473,35
1612346001499,94
1612346001507,13
1612420126763,1
1612426001572,114
1612426001606,61
1612426001622,62
1612426101604,70
1612426115505,83
1612426115554,47
1612426118525,100
1750930114579,129
1750930123935,153
1750930131615,77
1750936001374,50
1750936001390,101
1750936001424,25
1750936118038,119
1751016001366,110
1751016001416,116
1751016002315,89
1751016002323,97
1751016002349,97
1751016002356,110
1751016089361,100
1751016114318,115
1751016117600,112
2613336002794,11
4614086002943,15
4614086002950,18
4614996003198,44
6616146003511,97
6616146003537,6
6616220118729,8
7100740114470,57
7616480100461,89
7616480106583,46
7616480113761,20
7616486003578,23
7616486003594,32
7616486003602,85
7616486003610,58
7616486003628,23
7616486003636,52
7616486084941,42
7616486108989,46
7616486110514,55
7616486117501,45
7616550102376,104
7616550108019,66
7616550127464,68
7616556003644,80
7616556070981,77
7616556109730,59
7616556117410,100
7616556119754,114
7617136003727,112
7617136003743,83
7617136003750,69
7617136003792,85
7617546003958,46
7617546003982,74
7617546004048,50
7617546004154,102
7617546004162,71
7617546004170,40
7617546004311,73
7617546004337,81
7617546004345,64
7617546004410,46
7617966004600,8
7617966004659,19
7617966004667,34
7617966004691,70
7617966004733,24
7617966004741,187
7617966004758,81
7617966004774,113
7617966004782,76
7617966004808,70
7617966004824,60
7617966004832,8
7617966004840,35
7617966004857,55
7617966004865,47
7617966004873,67
7617966004881,37
7617966004899,35
7617966004907,41
7617966004915,31
7617966004931,62
7617966004956,12
7617966004964,85
7617966004972,20
7617966004980,53
7617966004998,76
7617966005003,53
7617966005011,68
7617966005037,33
7617966005045,44
7617966057210,158
7617966097141,5
7617966099717,25
7617966112015,68
7617966114094,73
7618040102566,179
7618040109173,185
7618040113589,180
7618040119032,115
7618046005060,52
7618046005086,78
7618046005094,55
7618046005102,66
7618046005128,83
7618046005136,82
7618046005151,105
7618046066591,114
7618046071039,79
7618046089130,59
7618046096036,82
7618046097158,99
7618046100952,94
7618046108161,103
7618046110449,126
7618046114326,151
7618046117485,193
7618120131714,44
7618126005169,77
7618126005177,60
7618126005185,51
7618126005193,43
7618126005243,47
8100820830059,1
8618206005375,15
8618206005391,20
8618206005425,5
8618206005433,17
8618206005441,13
8618206005458,23
8618206113013,27
9618380100024,136
9618380107227,36
9618386005466,48
9618386005474,44
9618386107361,52
9618386110456,89
9618466005482,68
9618796005508,19
9618876005516,107
9619296005615,132
9619526005649,91
9619526005656,36
9619526005664,60
9619606107437,118
9619780108258,46
9619786005706,54
9619786005714,34
9619786098693,36
9619786109441,48
9737836005490,38
9737836005623,55
10621096005839,17
10622400113142,100
10624140113043,49
10624140123463,29
10624146007108,27
10624146007116,21
10624146007124,32
10624146007132,14
10624146007140,51
10624146007157,36
10624146007165,45
10624146007173,28
10624146007181,25
10624146007215,46
10624146117865,43
10624146117873,44
10738096005995,85
10751270129163,74
10751276006969,102
11101160124909,12
11625546007439,19
11625966007454,25
11626386007504,34
11626466089262,15
11626536007546,3
12626790111708,8
12626796007678,18
12627036007694,13
12628286007884,53
12628936007959,31
12629016007967,44
12629016007975,2
12629016007983,4
12629016007991,19
12629506008072,56
12629766008098,42
12630246008155,20
12630326008171,69
12630406008197,2
12630406008221,7
12630406008239,7
12753746007843,53
12753821230135,3
12753826008049,14
12755156007751,50
12755156007777,40
12755156007793,45
12755156007827,70
12768026007868,57
12768026008148,46
15633210129171,49
15633216008858,28
15633216008866,41
15633216008874,38
15633216008882,31
15633216008890,47
15633216008924,82
15633216008932,39
15633216008940,68
15633216008965,28
15633216008973,30
15633216008981,82
15633216008999,60
15633216009013,41
15633216009047,36
15633216009062,47
15633216009070,36
15633216009088,88
15633216009096,33
15633216009104,50
15633216009120,28
15633216009146,17
15633216009161,59
15633216009187,54
15633216009195,32
15633216009203,45
15633216109052,86
15633216109060,23
15633216109078,56
15633216111900,74
15633216114284,23
15633216116719,97
15637926010078,94
15637926010102,60
15638266010201,30
15638266105415,23
15638266108898,52
16638756010284,101
16638836010292,40
16638836010300,25
16638836010318,65
16638836010326,19
16638916010367,117
16639170110981,39
16639176010391,49
16639176010409,21
16639176010417,43
16639176010425,57
16639176010433,50
16639176108815,56
16639176113609,61
16639176118798,39
16639336010466,41
16639586010482,37
16639666010508,23
16639900116699,54
16639906010557,55
16739326010565,23
16739326010573,33
16739326118566,51
17640146010607,34
17640146112759,21
17640220132571,13
17640226010615,60
17640226084990,33
17640226109706,35
17640306010649,147
17640486010656,18
17640556010672,38
17640556105456,18
17640556110761,46
17640636010680,45
19642126010862,27
19642126010904,59
19642126010912,64
19642126010920,50
19642126010938,47
19642126010946,59
19642126010953,76
19642126010961,74
19642126010979,41
19642126010987,62
19642126010995,38
19642126066716,77
19642126068274,87
19642126071369,67
19642126085609,54
19642126085617,87
19642126093447,70
19642126093454,83
19642616011134,100
19642616011159,92
19642616011167,47
19642616011175,88
19642616011183,70
19642616011191,53
19642796011217,27
19642796011233,49
19642796011241,77
19642796011266,15
19642796011274,29
19642796011290,26
19642796011332,28
19642796011340,72
19642796011357,22
19642876011373,56
19642876011381,64
19642876011407,57
19642876011415,51
19642876011423,66
19642876011431,72
19642876011449,61
19642876011464,36
19642876011480,45
19642876011498,55
19642876011506,73
19642876011514,65
19642876110043,40
19642956011530,56
19642956011563,33
19642956011571,47
19642956057483,43
19643030128306,2
19643036011605,73
19643036011613,33
19643036011621,23
19643036011639,72
19643036011647,73
19643036011654,69
19643036011696,58
19643036011704,63
19643036011712,62
19643036057517,45
19643116011746,53
19643116011753,59
19643116011761,49
19643116011779,43
19643946012157,32
19643946012165,78
19643946012181,8
19643946012199,9
19643946012207,33
19643946012215,19
19643946012223,15
19644366012470,21
19644366012512,36
19644366012520,2
19644366012546,2
19644366012553,1
19644366012561,68
19644446012660,42
19644446012678,118
19644446012686,66
19644446012694,78
19644446012702,87
19644516012736,46
19644516012751,198
19644516012785,76
19644516012793,16
19644516012801,90
19644516012835,116
19644516012868,86
19644516012876,92
19644516114235,231
19644696012918,31
19644696012934,28
19644696012942,68
19644696012959,42
19644856012975,35
19644856013007,71
19644856013031,38
19644856013049,104
19644856013072,85
19644856013080,71
19644856013098,87
19644856013106,64
19644856013114,97
19644856089148,75
19645016013148,2
19645016013155,44
19645016013171,49
19645016013189,44
19645016013205,51
19645016013221,22
19645016013247,68
19645016013254,47
19645016013262,31
19645016013296,64
19645276013304,49
19645276013312,36
19645276013338,79
19645276013353,61
19645276013379,56
19645276013387,76
19645276013403,54
19645276013411,37
19646426014583,34
19646426014591,38
19646426014609,35
19646426105969,53
19646426106272,45
19646426108542,31
19646830116129,29
19646836014799,80
19646836014807,62
19646836014815,25
19646836014823,51
19646836085658,69
19646836093025,35
19646836099030,70
19646836110563,97
19646916014831,58
19646916014856,60
19646916014898,76
19646916014906,67
19646916014914,80
19647330100743,68
19647330131466,32
19647336017016,78
19647336019079,90
19647740107912,41
19647740108381,65
19647746020234,64
19647746020242,44
19647746020259,32
19647746020267,43
19647746020275,40
19647746020283,39
19647746020291,49
19647746020309,58
19647746020317,55
19647746116685,73
19647906020424,71
19647906020457,62
19647906020465,46
19647906020473,55
19647906020499,57
19648086020507,52
19648086020515,109
19648086020523,78
19648086020531,126
19648086020549,108
19648086020556,50
19648086020564,69
19648086020580,121
19648086020598,73
19648086020614,46
19648086020622,70
19648086020630,67
19648086020648,62
19648086020655,84
19648086020663,106
19648086020671,82
19648086020689,57
19648166020697,70
19648166020713,51
19648166020739,60
19648166020747,30
19648166020762,69
19648166020770,97
19648166105407,35
19648320100636,71
19648320100644,36
19648320108027,63
19648326020796,39
19648326020804,47
19648326020812,50
19648326066773,35
19648326095442,71
19648326107171,73
19648326113047,73
19648570102269,8
19648570116558,15
19648570129973,29
19648576021141,38
19648576021158,80
19648576021190,131
19648576021208,66
19648576105621,128
19648576106793,97
19648576106900,29
19648576107635,59
19648576108609,110
19648576108625,136
19648576108633,72
19648576111538,144
19648576111546,102
19648576113906,94
19648576115273,122
19648576118749,135
19648576119143,79
19648656021240,9
19648656021273,44
19648656021299,55
19648656021307,25
19648656021315,37
19648656021323,51
19648656021349,72
19648656021356,32
19648656021372,51
19648656116172,80
19648730102681,64
19648730108779,55
19648736021380,68
19648736021414,54
19648736021430,38
19648736021448,40
19648736021455,62
19648736021463,56
19648736021471,77
19648736021489,66
19648736117444,40
19650296022768,88
19650296022776,142
19650296022784,85
19651020101543,81
19651020110098,20
19651020125690,70
19651026023568,13
19651026023576,10
19651026023584,58
19651026023592,72
19651026071690,1
19651026108245,67
19651026109664,38
19651026110837,1
19651026111520,54
19651106023626,24
19651106023634,37
19651106023667,40
19651106023675,69
19651106023683,47
19651106023691,13
19651106023709,72
19651106023717,41
19651106023733,41
19651516106561,83
19734376012256,155
19734376012264,66
19734376012306,32
19734376012348,75
19734376012389,93
19734376012397,70
19734376013478,60
19734376023741,53
19734376023758,60
19734376023774,31
19734376023782,83
19734376120877,175
19753336020325,35
19753336020358,98
19753336020390,57
19753336020408,80
19753336020416,65
19753416022008,86
19753416022024,84
19753416022032,73
19753416022099,95
19753416022107,80
19753416022115,25
19753416022149,71
19753416022156,71
19768696023808,86
19768696023816,99
20651856024087,27
20651856024111,22
21653186024160,50
21653186024194,51
21653186024244,60
21653346068308,122
21653670129148,69
21653676024376,105
21654176024491,51
21654176024509,29
21654176024517,51
21654176024525,44
21654176024558,49
21654176024574,61
21654176024582,66
21654176024590,20
21654336024673,93
21654586024756,101
21654586024764,46
21654586024772,78
21654586024780,34
21654586024814,56
21654586024830,76
21654586024863,42
21733616024954,17
21750020124578,63
21750026024277,53
21750026024681,60
21750026024731,53
22655320132258,1
22655326025035,38
22655326025050,23
22655326103477,22
23655736025134,6
23739166025308,52
24657486025506,61
24657486025522,64
24657486109649,57
24657636025589,73
24658700111294,60
24658706025829,45
24658706025837,40
24737266025803,25
24753176112940,94
24753660105817,52
24753666025407,42
24753666025415,48
25735856025845,37
25735936025894,23
26736686025910,19
26736686025928,2
26736686025936,8
26736686025951,12
26736926025969,33
27660356026116,99
27660356089387,119
27660356111637,100
27660920124602,51
27660920129239,34
27660926026181,66
27660926026199,50
27660926026207,57
27660926026223,72
27660926026249,46
27660926026256,22
27660926026280,43
27660926026314,67
27660926026355,36
27660926058721,49
27661420108068,52
27661426026520,92
27661426026538,98
27661426026546,87
27661426026553,28
27661426026561,163
27661426026579,186
27661426026587,93
27661426026595,67
27661426026603,133
27661426026611,168
27661426066963,62
27661426109177,127
27738256026397,98
27738256026405,74
27738256026413,55
27738256026447,73
28662416026744,35
28662586026751,9
28662660109140,98
28662666026769,35
28662666026777,50
28662666026785,58
28662666026827,74
28662666026835,37
28662666026850,59
28662666026868,22
28662666026876,60
28662666026892,43
28662666026900,54
28662666026918,33
28662666026926,13
28662666026934,75
28662666026942,50
28662666026967,19
28662666026975,33
28662666026983,72
28662666027007,14
28662906027049,124
30664230113712,49
30664236027270,107
30664236027320,67
30664236027338,75
30664236027353,56
30664236027379,54
30664236027411,48
30664236027429,83
30664236113393,75
30664236116123,52
30664986027924,66
30664986027973,67
30664986027999,54
30664986066922,86
30664986068605,56
30664986085278,69
30664986094635,97
30665060102582,76
30665066028005,70
30665066028013,78
30665066028021,40
30665066028039,37
30665066028054,36
30665066028062,60
30665066028088,57
30665066028112,64
30665066028120,54
30665066028138,34
30665066028146,84
30665066028153,39
30665066028161,49
30665066028179,48
30665066028195,35
30665066113617,36
30665306028831,108
30665306028864,64
30665306028872,90
30665306028880,56
30665306094643,104
30665306095111,102
30665306116065,119
30665556028906,88
30665556028922,99
30665636028989,134
30665636028997,60
30665636029029,119
30665976029219,43
30665976029227,28
30665976029268,35
30665976029300,39
30665976029326,60
30665976029334,234
30665976029359,129
30665976029375,29
30665976029433,35
30665976029458,34
30665976029490,36
30665976029516,76
30665976029524,41
30665976068399,45
30665976089460,26
30665976118236,48
30666470102897,71
30666470109678,41
30666476029995,42
30666476030001,44
30666476030027,31
30666476030035,118
30666476030050,55
30666476030076,62
30666476030084,31
30666476030092,42
30666476030100,35
30666476030936,18
30666476030951,46
30666476071146,76
30666476085633,41
30666476085641,37
30666476095160,36
30666476097000,63
30666476097018,112
30666476106009,92
30666476109102,33
30666476119556,1
30666700108373,74
30666700109066,85
30666700116582,41
30666700132852,21
30666706030209,68
30666706030217,140
30666706030225,48
30666706030233,88
30666706030241,55
30666706030266,75
30666706030274,61
30666706030282,93
30666706030308,83
30666706030316,125
30666706030324,119
30666706030332,86
30666706030357,56
30666706030365,75
30666706030399,211
30666706030407,120
30666706030431,98
30666706030449,69
30666706071195,52
30666706095152,116
30666706098552,138
30666706099816,120
30666706102875,52
30666706106165,51
30666706107692,105
30666706108484,116
30666706109904,69
30666706110183,100
30666706111298,53
30666706113377,91
30666706114631,108
30666706115836,89
30666706116917,130
30667460119925,52
30667466030720,62
30667466030738,53
30667466030753,54
30667466030761,58
30667466030787,60
30667466030795,61
30667466030811,59
30667466030829,77
30667466030837,29
30667466030852,52
30667466030860,70
30667466030886,48
31668376031116,8
31668526031157,42
31668866031199,53
31669446031298,10
31669446031322,69
31669446094502,114
31669446113062,71
31669510106443,84
31669510108514,7
31669510113068,80
31669516031363,9
31669516085252,10
31669516098610,39
31669516117493,81
33669856031603,15
33669856031611,73
33669856031629,32
33669856031637,26
33669930101006,6
33669930102749,52
33669930113936,43
33669930116947,70
33669933331089,31
33669936031660,54
33670330100974,123
33670330100982,82
33670330105791,78
33670330105809,125
33670330110643,153
33670330113647,89
33670330113654,169
33670330119321,115
33670330131607,87
33670336031736,65
33670336031751,68
33670336031785,123
33670336031793,102
33670336031801,66
33670336031819,61
33670336031827,96
33670336031835,119
33670336031843,63
33670336031850,76
33670336031868,29
33670336031876,60
33670336031884,55
33670336084669,58
33670336107668,88
33670336107676,79
33670336110589,77
33670336112957,119
33670336114151,59
33670336116404,87
33670336117998,117
33670336120364,137
33670336120372,81
33670580100164,64
33670580107961,62
33670580108464,68
33670580110791,106
33670586031926,84
33670586031934,74
33670586031942,64
33670586031959,99
33670586031967,66
33670586031975,45
33670586031983,101
33670586032007,77
33670586106082,64
33670586108955,59
33670586109045,58
33670586109789,91
33670586113880,79
33670586113898,44
33670586116636,78
33670586118863,132
33670820101121,87
33670820101139,120
33670820102772,97
33670820107359,33
33670820107631,4
33670826032080,22
33670826032114,34
33670826032122,112
33670826032130,97
33670826032148,123
33670826032155,72
33670826106728,94
33670826109805,99
33670826110415,107
33670826118731,107
33671240102731,55
33671240108134,82
33671246032304,58
33671246032338,66
33671246103519,83
33671246104582,82
33671246106066,7
33671246106942,35
33671246107890,24
33671246109508,51
33671246110928,38
33671576032353,50
33671576111488,46
33671730105767,109
33671730118943,63
33671730133090,6
33671736032387,109
33671736032395,60
33671736032403,88
33671736032411,99
33671736032429,128
33671736032437,77
33671736032445,36
33671736032452,21
33671736102560,68
33671736106207,21
33671736107601,67
33671736108450,71
33671736111025,129
33671736115448,47
33671990110577,110
33671990110585,109
33671996032502,82
33671996032510,78
33671996105571,86
33671996109037,42
33671996111843,96
33671996120547,75
33672310113746,12
33672310127761,26
33672316032791,58
33672316109581,46
33672490102715,80
33672490102723,74
33672490121319,96
33672496032809,61
33672496032817,71
33672496106884,74
33672496109490,91
33751760108241,95
33751760113100,118
33751760122960,66
33751766032031,49
33751766032056,97
33751766032064,102
33751766107189,46
33751766108278,45
33751766109938,75
33751766111082,98
33751766111090,23
33751766115174,67
33751766118442,117
33751766120455,95
33752000100412,33
33752000108530,89
33752000114058,46
33752006032346,54
33752006106868,41
33752006107841,72
33752006107858,29
33752006108153,52
33752006113625,70
33752006117659,92
33752006118558,89
33752420100958,96
33752420106096,108
33752420109116,104
33752420109124,112
33752420112094,97
33752420117424,131
33752420123190,3
33752426032866,41
33752426032874,105
33752426108039,73
33752426108047,147
33752426109565,53
33752426114458,74
34673140101790,118
34673140105908,95
34673140105932,99
34673140108720,97
34673140108738,74
34673140111112,111
34673140114702,73
34673140131516,53
34673146032981,17
34673146033005,79
34673146033013,62
34673146033021,42
34673146033039,46
34673146033047,76
34673146033054,35
34673146033062,94
34673146033088,51
34673146033096,45
34673146033104,58
34673146033112,38
34673146077291,29
34673146098743,58
34673146098750,83
34673146101844,31
34673146106355,73
34673146107700,77
34673146107718,88
34673146107916,27
34673146109516,67
34673146110118,75
34673146110985,89
34673146112106,49
34673146113179,40
34673146113187,88
34673146116818,60
34673146118046,65
34673146118053,52
34673146120018,56
34673146120026,37
34673146120034,98
34673300100404,86
34673300106757,1
34673300111278,34
34673300113621,96
34673300129676,19
34673306033146,28
34673306033153,22
34673306033179,40
34673306033187,42
34673306033203,46
34673306033211,41
34673306033229,30
34673306033252,50
34673306033278,37
34673306033286,49
34673306106892,47
34673306107965,75
34673306109755,45
34673306112916,61
34673306115638,40
34673306118574,86
34674216033724,82
34674216033732,50
34674216033740,93
34674216033757,84
34674216112296,83
34739736032908,38
34739736032924,29
34739736107734,84
34739736108948,46
34752830102277,90
34752830111138,97
34752830116806,72
34752836100432,45
34752836104731,56
34752836107981,25
34752836117535,90
34752836118624,66
36676376067052,35
36676376105936,19
36676376112866,40
36676946035752,54
36676946035760,64
36676946109185,60
36677776035984,26
36677776035992,14
36677776036008,16
36677776036016,42
36677776036024,55
36677776036040,45
36677776105589,44
36677776106827,24
36677776109615,35
36677776109623,15
36677776113070,48
36678270111807,10
36678270113928,139
36678760117192,33
36750696037204,71
36750696037212,77
36750696037220,92
36750696037238,52
36750696037246,77
36750696037261,43
36750696037279,30
36750696037287,68
36750696037311,73
36750696109573,96
37680230124321,41
37680236037907,69
37680236037972,31
37680236037980,51
37680236038012,37
37680236069090,61
37680806038145,57
37680806038152,61
37680806066989,76
37680806095046,53
37680806099402,51
37680806106132,80
37680806108534,28
37680806112445,88
37680806117709,63
37680980102608,97
37680980107862,58
37680980107870,42
37680980131813,43
37680986038178,85
37680986038186,79
37680986038202,82
37680986038228,67
37680986038236,67
37680986038244,126
37680986038251,89
37680986038939,71
37680986038947,90
37680986066997,57
37680986102750,42
37680986107882,67
37680986110381,84
37680986111769,79
37681140131920,42
37681146038269,32
37681146038285,42
37681146038301,33
37681146096515,22
37681146096911,4
37681146109524,48
37681146116420,47
37681556112205,38
37682056038608,76
37682056038624,42
37682056038632,42
37682056038657,33
37682056038665,51
37682056038673,51
37682136038681,37
37682136038699,16
37682136085054,23
37682136097190,20
37682216038731,64
37682216038756,39
37682216038764,53
37682216038772,5
37682216038780,74
37682216038798,47
37682216038806,57
37682216038814,36
37682216108559,48
37683380108266,11
37683380108274,72
37683380108282,22
37683380108290,63
37683380109033,51
37683380109041,64
37683380111864,43
37683380114041,103
37683380132316,48
37683383730116,35
37683386039101,38
37683386039119,15
37683386039135,31
37683386039143,67
37683386039150,44
37683386039168,146
37683386039184,17
37683386039200,11
37683386039242,36
37683386039259,61
37683386039267,31
37683386039283,25
37683386039291,28
37683386039309,15
37683386039341,74
37683386039358,29
37683386039366,72
37683386039374,48
37683386039382,90
37683386039390,19
37683386039424,19
37683386039432,28
37683386039440,27
37683386039481,32
37683386039499,53
37683386039507,53
37683386039515,40
37683386039523,83
37683386039556,29
37683386039564,29
37683386039572,25
37683386039598,66
37683386039614,28
37683386039648,24
37683386039671,49
37683386039697,34
37683386039705,55
37683386039713,60
37683386039721,51
37683386039739,38
37683386039747,65
37683386039754,29
37683386039762,77
37683386039788,19
37683386039796,38
37683386039804,12
37683386039846,67
37683386039853,31
37683386039861,27
37683386039879,52
37683386039887,8
37683386039895,74
37683386039903,65
37683386039911,81
37683386039952,64
37683386039960,39
37683386039978,69
37683386040000,71
37683386040034,66
37683386040042,34
37683386040059,35
37683386040067,37
37683386040091,23
37683386040109,50
37683386040117,22
37683386040133,49
37683386040141,54
37683386040158,5
37683386040166,111
37683386040174,93
37683386040208,54
37683386040224,13
37683386040232,51
37683386040257,56
37683386040265,27
37683386040273,40
37683386040281,28
37683386040299,38
37683386040307,29
37683386059604,73
37683386069116,102
37683386071914,87
37683386077317,65
37683386089015,89
37683386089023,44
37683386089049,69
37683386089056,38
37683386089064,31
37683386093256,34
37683386096051,65
37683386096879,59
37683386099055,98
37683386099089,55
37683386106173,49
37683386106199,20
37683386109599,62
37683386112460,46
37683386112478,46
37683386112726,120
37683386114292,42
37683386114300,44
37683386114375,126
37683386119135,81
37683386119598,65
37683536040331,43
37684523730942,42
37754166040661,1
39103973930468,1
39685026041784,17
39685026041792,68
39685026041800,8
39685026041834,41
39685696041909,72
39685696041917,42
39685850100560,8
39685850102632,25
39685850108209,15
39685850108217,11
39685850116608,7
39685856042071,12
39685856042097,5
39685856042139,5
39685856042154,7
39685856042204,25
39685856042295,7
39685856097760,4
39685856098057,17
39685856104426,28
39685856108856,3
39685856110944,1
39685856111983,6
39685856120059,8
39685930105973,76
39685930108613,44
39685936042311,53
39685936042329,38
39685936042337,77
39685936042345,13
39685936042360,49
39685936042386,38
39685936042394,45
39685936104533,78
39685936107429,38
39685936108237,45
39685936109532,64
39685936115414,61
39685936118509,6
39685936120505,65
39686766042667,51
39686766042717,91
39754996042832,46
39754996042857,27
39754996042881,67
39754996106488,46
39754996107973,45
39754996110530,3
39754996114490,1
41688586043400,53
41688660121111,60
41688666043434,47
41688666043442,60
41688666043459,68
41688666043475,41
41688666114771,51
41688746043491,18
41688746043517,14
41688826043541,106
41688826043566,82
41688826043574,38
41688826043590,51
41688826043608,37
41689320105874,47
41689326043939,53
41689326044044,42
41689326044051,56
41689326044069,59
41689576044093,150
41689656044135,187
41689656044150,307
41689656044176,95
41689990126649,19
41689996044309,58
41689996044325,4
41689996044333,42
41689996044341,16
41689996044416,9
41690056044432,65
41690056044481,55
41690056044499,52
41690056044572,1
41690056044580,50
41690056044598,31
41690056102941,25
41690056114037,53
41690056115026,85
41690216044721,61
41690216044739,70
41690216044747,146
41690216044754,54
41690216044770,89
41690216044788,75
41690396044804,60
41690396044812,79
41690396044838,92
41690396044846,41
41690396044887,47
41690396044895,98
41690396044903,35
41690396044911,61
41690396044945,50
41690396044952,64
41690396044960,57
41690396044978,25
41690396044986,35
41690396044994,45
41690396045017,52
41690396112650,103
42691466045298,85
42691466045306,82
42691466045322,24
42693446046080,12
42767866045819,141
42767866045827,97
42767866045835,161
42767866045850,72
42767866045884,113
42767866045892,60
42767866045926,165
42767866045934,115
42767866095962,40
42767866116875,92
42767866118202,51
43693776046361,54
43693776046379,23
43693776046403,51
43693776067177,42
43693776089288,56
43693776093041,28
43693776095335,58
43693776095343,47
43693776095350,68
43694196046718,82
43694196046742,68
43694196046759,105
43694196046775,92
43694196046809,89
43694196046841,116
43694196046908,50
43694196046932,13
43694196046940,79
43694196046957,121
43694196046965,71
43694196046981,84
43694196047005,61
43694196047039,61
43694196047047,59
43694196047054,73
43694196047088,69
43694196047104,114
43694196047112,100
43694196067185,67
43694846047286,48
43694846047294,65
43694846047310,85
43694846047328,89
43694846047336,78
43694846106991,102
43694846116461,74
43695186047377,35
43695186047401,46
43695186047427,26
43695186047450,70
43695186047468,69
43695186047492,64
43695186047500,63
43695750129940,18
43695756047740,53
43695756047765,78
43695756047799,51
43695756047807,72
43695756047831,62
43695836047914,4
43695836047922,58
43695836047948,85
43695836095392,54
43695836098263,50
43695836098271,90
43695910132373,16
43695916047955,53
43695916047963,52
43695916047971,47
43695916048003,41
43695916049464,23
43695916049480,51
43695916049514,52
43696176048045,30
43696176048078,55
43696176067227,63
43696256048086,25
43696256048102,44
43696256048110,47
43696256048128,19
43696256048136,36
43696256048144,22
43696256067243,53
43696256072144,46
43696256072151,17
43696256088306,23
43696256093066,44
43696256095400,10
43696256097430,35
43696256099451,40
43696256116081,45
43696416048193,61
43696416048201,68
43696416048235,55
43696416048243,85
43696416048250,93
43696416048268,82
43696416048292,74
43696416048326,50
43696416048359,49
43696416048409,81
43696416068241,67
43696416115562,34
43696740110700,70
43696746048797,37
43696746048805,29
43696746048813,50
43696746048821,16
43696746048847,3
43696746048870,52
43696746048896,34
43696746048904,89
43696746048920,51
43696746048938,43
43696746048987,60
43696746048995,62
43696746049019,41
43696746049027,75
43696746049035,50
43696746049043,46
43696906049142,112
43696906049159,99
43696906049167,185
43696906049175,175
43696906049191,134
43696906049217,105
43696906049233,109
43696906049282,111
45699896050272,30
45699896050280,25
45699896119382,1
45699896119390,2
45701106050462,20
45701106050470,16
45701106050488,4
45701106050512,21
45701106050520,26
45701106050538,7
45701106101612,46
45701106117147,1
45701286050546,6
48705246050991,48
48705246051015,46
48705246106462,80
48705246111165,80
48705400112664,63
48705400113084,69
48705400113092,82
48705400122093,1
48705400125310,73
48705406051064,29
48705406051098,78
48705406051106,22
48705406051148,68
48705406051163,55
48705406051197,79
48705406051221,42
48705406051239,48
48705406100754,35
48705406106405,36
48705406109128,85
48705406109136,19
48705406111405,59
48705406115752,112
48705656051254,44
48705656051270,40
48705656068290,45
48705656103154,54
48705656111652,83
49706236098248,92
49706496051635,25
49706800112987,42
49707146051742,46
49707226051767,16
49707306110639,15
49708396051890,56
49708470127555,18
49708476051916,22
49708476051924,30
49708476072136,37
49708476114755,66
49708546051940,68
49708546051965,75
49708546051973,57
49708546051981,45
49708546051999,39
49708626051932,63
49708700101253,46
49708706066344,24
49708706109144,40
49708966052021,30
49708966052039,43
49708966052047,42
49708966052054,50
49708966052070,34
49708966085229,40
49708966117907,49
49709040101923,139
49709040125336,45
49709046052088,70
49709046052096,54
49709120113530,11
49709120125831,26
49709126052104,59
49709126052112,55
49709126052153,43
49709126052161,37
49709126052179,35
49709126052195,37
49709126066385,72
49709126095459,48
49709126108500,48
49709200102533,45
49709386052211,38
49709536052260,18
49709536052278,37
49709536052286,77
49709616093140,46
49709796052310,17
49709956110324,69
49709956114409,49
49710196052344,30
49710356052377,35
49710356096721,47
49710356111868,56
49738826051692,66
49738826060669,19
49738826097059,73
49738826099246,15
49738826109169,56
49753586052369,78
49753586107221,145
49753906051791,49
50711346052591,41
54718606053904,68
54718606053938,91
54718606112684,54
54719930123646,117
54719930123653,122
54719930123661,61
54719936054142,72
54719936054159,123
54719936107262,67
54720906054324,22
54721326054365,9
54721816054407,21
54721996054415,74
54722156054431,47
54722310113639,117
54722310127621,99
54722316054456,101
54722316054472,76
54722316054480,79
54722316054498,33
54722316054506,116
54722316054522,33
54722316105381,72
54722316106553,78
54722316114656,76
54722560101857,183
54722560105783,126
54722560110940,118
54722560116517,184
54722560125708,168
54722566054530,118
54722566054548,67
54722566054563,93
54722566054589,33
54722566054597,22
54722566054621,88
54722566054639,28
54722566054647,120
54722566054654,71
54722566054670,93
54722566054688,113
54722566054704,132
54722566054712,90
54722566054746,140
54722566092795,157
54722566106249,109
54722566107536,81
54722566110902,135
54753250106021,81
54767946108286,53
55723066054829,7
55723556054894,34
55723636054902,11
55723716054910,57
55723976054928,39
55724056054936,32
55751846054837,13
56724540109520,34
56724546054985,39
56724546054993,15
56724546055008,46
56724626055016,91
56724626055024,142
56724626055057,96
56724626055065,40
56724626055073,34
56724626055081,71
56724626055099,66
56724626055107,86
56724626055115,91
56725126055164,70
56725126055172,79
56725126055180,88
56725380100362,50
56725380119412,78
56725386055263,84
56725386055271,88
56725386055289,79
56725386055297,56
56725386055321,84
56725386055339,96
56725386055347,51
56725386055354,100
56725386055362,46
56725386055370,29
56725386055388,18
56725386100333,43
56725386107551,92
56725386110738,54
56725386114029,78
56725530110502,84
56725536055396,37
56725536055404,26
56725536055412,51
56725536055438,46
56725536055990,47
56725536096838,42
56725536112171,50
56725536120117,106
56725536120620,111
56725610112631,47
56725616055503,55
56725616055511,65
56725616055529,140
56725616119242,76
56726526056030,34
56726526056055,55
56726526056063,53
56726526056089,52
56726526056097,56
56726526056105,77
56726526056113,56
56726526056121,51
56726526056147,57
56726526056154,86
56726526056170,40
56726526056188,59
56726526056204,62
56726526056212,67
56726526056238,53
56726526097034,113
56726526116040,68
56738746055677,104
56738746107528,58
56738746111496,43
56739406055131,62
56739406055149,61
56739406106439,48
56739406106447,56
56739406109847,47
56739406115430,38
56768286055545,36
56768286055552,51
56768286055578,64
56768286055586,46
56768286055602,34
56768286055610,32
57726866056311,56
57727026056410,90
,
